code,system
H33..11,readv2
493 BR,readv2
c13I.00,readv2
c1Dz.00,readv2
c663.00,readv2
c13v.00,readv2
c198.00,readv2
c617.00,readv2
c14f.00,readv2
c61t.00,readv2
c1Dv.00,readv2
c315.00,readv2
c61z.00,readv2
c65V.00,readv2
c13J.00,readv2
663u.00,readv2
663q.00,readv2
663v.00,readv2
8793.00,readv2
8798.00,readv2
8796.00,readv2
8797.00,readv2
8795.00,readv2
8794.00,readv2
c665.00,readv2
c1C4.00,readv2
c11b.00,readv2
9OJA.11,readv2
c14j.00,readv2
c31x.00,readv2
H47y000,readv2
c13o.00,readv2
66YK.00,readv2
c192.00,readv2
c61u.00,readv2
c61x.00,readv2
173c.00,readv2
663j.00,readv2
H33zz00,readv2
c31G.00,readv2
c109.00,readv2
H35y700,readv2
H33..00,readv2
c31u.00,readv2
66YC.00,readv2
c648.00,readv2
c14w.00,readv2
c1Du.00,readv2
c13L.00,readv2
c1Dw.00,readv2
c672.00,readv2
H332.00,readv2
c191.00,readv2
H33z000,readv2
c135.00,readv2
1O2..00,readv2
c65f.00,readv2
c1D6.00,readv2
c66a.00,readv2
c61v.00,readv2
c61i.00,readv2
c31t.00,readv2
c61F.00,readv2
c13T.00,readv2
c13G.00,readv2
178..00,readv2
c13U.00,readv2
H334.00,readv2
8791.00,readv2
663V100,readv2
663h.00,readv2
c61O.00,readv2
cA11.00,readv2
H33z.00,readv2
c1E1.00,readv2
c66B.00,readv2
H33z.11,readv2
173d.00,readv2
c1E7.00,readv2
cA15.00,readv2
3052AT,readv2
691 TM,readv2
Y060 LE,readv2
493 AE,readv2
493 AH,readv2
493 EP,readv2
493 C,readv2
493 F,readv2
493,readv2
Y100 AR,readv2
493 NA,readv2
H330.11,readv2
H33zz12,readv2
493 GR,readv2
663P.00,readv2
663Q.00,readv2
663O000,readv2
663N.00,readv2
663N200,readv2
663N100,readv2
663O.00,readv2
H330.00,readv2
H330z00,readv2
H330000,readv2
H330111,readv2
H330100,readv2
663V.00,readv2
493 AI,readv2
663V300,readv2
H33z011,readv2
493 AK,readv2
663d.00,readv2
8H2P.00,readv2
9N1d.00,readv2
8HTT.00,readv2
9NI8.00,readv2
Y060 JB,readv2
663e100,readv2
663e.00,readv2
663e000,readv2
H330.13,readv2
H330011,readv2
H331111,readv2
H331100,readv2
H331000,readv2
H331.00,readv2
H331z00,readv2
493 HT,readv2
c332.00,readv2
c11z.00,readv2
H331.11,readv2
H33z200,readv2
L4930LO,readv2
9OJ1.00,readv2
9OJA.00,readv2
66YQ.00,readv2
66YR.00,readv2
663..11,readv2
H35y600,readv2
663y.00,readv2
493 KB,readv2
493 KA,readv2
8CR0.00,readv2
663U.00,readv2
663V000,readv2
493 AD,readv2
1780.00,readv2
173A.00,readv2
H33zz11,readv2
493 EB,readv2
2126200,readv2
212G.00,readv2
493 AR,readv2
66Y9.00,readv2
66YA.00,readv2
66Y5.00,readv2
663f.00,readv2
663s.00,readv2
H333.00,readv2
493 AA,readv2
663w.00,readv2
663x.00,readv2
c13w.00,readv2
66YJ.00,readv2
8B3j.00,readv2
663N000,readv2
66YP.00,readv2
H330.12,readv2
493 CH,readv2
H312000,readv2
493 BD,readv2
H330.14,readv2
493 GS,readv2
663n.00,readv2
663p.00,readv2
663m.00,readv2
Y0601JB,readv2
663t.00,readv2
663r.00,readv2
h33z100,readv2
H33z111,readv2
H33z100,readv2
493 AB,readv2
663W.00,readv2
493 CK,readv2
493 CL,readv2
493 CJ,readv2
493 CM,readv2
663V200,readv2
493 AJ,readv2
493 BI,readv2
493 BH,readv2
493 BG,readv2
493 BF,readv2
493 EA,readv2
493 JC,readv2
493 D,readv2